id,first_name,last_name,email,gender,ip_address
1,Hobart,Ledwith,hledwith0@pinterest.com,Male,246.93.169.48
2,Carson,Milkins,cmilkins1@arstechnica.com,Male,38.64.34.40
3,Bebe,Braithwaite,bbraithwaite2@mozilla.com,Female,96.43.136.207
4,Yves,McGarvie,ymcgarvie3@soup.io,Male,246.251.208.1
5,Gustie,Goodie,ggoodie4@tamu.edu,Female,206.184.102.45
6,Francklin,Rohlfs,frohlfs5@cocolog-nifty.com,Male,159.169.184.157
7,Birdie,Raulin,braulin6@smh.com.au,Female,56.76.200.246
8,Susanne,Witherdon,switherdon7@amazon.co.uk,Female,5.64.11.70
9,Radcliffe,Croxall,rcroxall8@people.com.cn,Male,47.230.132.36
10,Marci,Mitten,mmitten9@mac.com,Female,249.126.206.169
11,Yetta,Postill,ypostilla@google.nl,Female,97.95.23.144
12,Didi,Jouhning,djouhningb@netvibes.com,Female,76.104.47.150
13,Wendeline,Kavanagh,wkavanaghc@marketwatch.com,Female,22.130.135.189
14,Gillie,Jeays,gjeaysd@wikia.com,Female,132.38.226.249
15,Bobina,Franchioni,bfranchionie@squarespace.com,Female,129.40.208.212
16,Giorgia,Stagge,gstaggef@live.com,Female,229.28.4.246
17,Natala,Sprules,nsprulesg@wikia.com,Female,178.106.215.52
18,Bentley,Wardell,bwardellh@barnesandnoble.com,Male,7.163.169.148
19,Chrisy,Duguid,cduguidi@msn.com,Male,173.171.95.227
20,Yancy,Miller,ymillerj@sohu.com,Male,78.89.62.154
